-- phpMyAdmin SQL Dump
-- version 2.11.11.3
-- http://www.phpmyadmin.net
--
-- Host: 118.139.179.17
-- Generation Time: Apr 11, 2013 at 06:11 AM
-- Server version: 5.0.96
-- PHP Version: 5.3.2

SET SQL_MODE="NO_AUTO_VALUE_ON_ZERO";


/*!40101 SET @OLD_CHARACTER_SET_CLIENT=@@CHARACTER_SET_CLIENT */;
/*!40101 SET @OLD_CHARACTER_SET_RESULTS=@@CHARACTER_SET_RESULTS */;
/*!40101 SET @OLD_COLLATION_CONNECTION=@@COLLATION_CONNECTION */;
/*!40101 SET NAMES utf8 */;

--
-- Database: `techvibeshunt`
--
CREATE DATABASE `techvibeshunt` DEFAULT CHARACTER SET utf8 COLLATE utf8_general_ci;
USE `techvibeshunt`;

-- --------------------------------------------------------

--
-- Table structure for table `login`
--

CREATE TABLE `login` (
  `username` varchar(255) NOT NULL,
  `password` varchar(255) NOT NULL,
  PRIMARY KEY  (`username`)
) ENGINE=InnoDB DEFAULT CHARSET=utf8;

--
-- Dumping data for table `login`
--

INSERT INTO `login` VALUES('24priyal@gmail.com', 'life...');
INSERT INTO `login` VALUES('aankitroy1990@gmail.com', 'xpressyourviews');
INSERT INTO `login` VALUES('aarushis27@gmail.com', 'portkey!');
INSERT INTO `login` VALUES('aarushis27@yahoo.co.in', 'portkey!');
INSERT INTO `login` VALUES('abhi.vagrecha@gmail.com', 'Abhishek');
INSERT INTO `login` VALUES('abhijeet.chaudhary1307@gmail.com', 'asdfgh');
INSERT INTO `login` VALUES('abhilashagoyal08@gmail.com', 'friendship');
INSERT INTO `login` VALUES('abhishek12arya@gmail.com', 'sonuismyname');
INSERT INTO `login` VALUES('abhishekfrmknp@gmail.com', 'zindagiroxx');
INSERT INTO `login` VALUES('aditij18@gmail.com', 'techvibes');
INSERT INTO `login` VALUES('aditya841@gmail.com', 'ronaldo');
INSERT INTO `login` VALUES('akanksha.grover25@gmail.com', 'akanksha');
INSERT INTO `login` VALUES('akash.20077@gmail.com', '099292591590');
INSERT INTO `login` VALUES('akashh.20077@gmail.com', '099292591590');
INSERT INTO `login` VALUES('akash_2007777@yahoo.com', '099292591590');
INSERT INTO `login` VALUES('akash_200777@yahoo.com', '099292591590');
INSERT INTO `login` VALUES('anaghvj@gmail.com', 'anaghvj123');
INSERT INTO `login` VALUES('ankur.blueblood@gmail.com', 'satishanita2012');
INSERT INTO `login` VALUES('anshi31jagrawal@gmail.com', 'allisswell');
INSERT INTO `login` VALUES('anushree.jain09@gmail.com', 'adianu');
INSERT INTO `login` VALUES('anushreejangid@gmail.com', 'anushree');
INSERT INTO `login` VALUES('AP.17@YAHOO.COM', 'ANKITPAR');
INSERT INTO `login` VALUES('arpit.bitj@gmail.com', 'techvibes');
INSERT INTO `login` VALUES('arpitgoyal@bit.com', '123456');
INSERT INTO `login` VALUES('aryaabhishek277@gmail.com', 'sonuismyname');
INSERT INTO `login` VALUES('atul-pathak@hotmail.com', 'noddy');
INSERT INTO `login` VALUES('auto_sensors@yahoo.com', 'idsurveillance');
INSERT INTO `login` VALUES('ayushi1591@gmail.com', 'password');
INSERT INTO `login` VALUES('ayushi@treasure.com', 'ayushi');
INSERT INTO `login` VALUES('balram.4211@gmail.com', 'engineerbalram');
INSERT INTO `login` VALUES('bhavana.anumagala@gmail.com', 'ashirwad');
INSERT INTO `login` VALUES('bhurani.alpha@gmail.com', 'shefali');
INSERT INTO `login` VALUES('bindalkanika@hotmail.com', 'kanika');
INSERT INTO `login` VALUES('bit@mudit.com', 'gotxfactor');
INSERT INTO `login` VALUES('bob.nuyork@gmail.com', 'abhishek04');
INSERT INTO `login` VALUES('cataclysm@dommsday.com', 'quantum');
INSERT INTO `login` VALUES('chanchalrawat52@gmail.com', 'criscool');
INSERT INTO `login` VALUES('chanchalrawat52@hotmail.com', 'criscool');
INSERT INTO `login` VALUES('chandel.mala@ymail.com', 'chandelmala');
INSERT INTO `login` VALUES('channelmohit@gmail.com', 'satsahib');
INSERT INTO `login` VALUES('chaturvedisaakshi@gmail.com', '009988pp');
INSERT INTO `login` VALUES('Creativedevil2010@gmail.com', 'Abhishek');
INSERT INTO `login` VALUES('cutedevil.ayu@gmail.com', 'gmailyahoo');
INSERT INTO `login` VALUES('devjyot@hotmail.com', 'devjyot');
INSERT INTO `login` VALUES('divyachandaliya111@gmail.com', 'Divya');
INSERT INTO `login` VALUES('gaursinghveer007@gmail.com', '8233960169');
INSERT INTO `login` VALUES('gmail@facebook.com', 'gotxfactor');
INSERT INTO `login` VALUES('gupta.sid92@gmail.com', 'imdabst');
INSERT INTO `login` VALUES('gupta_siddharth1992@yahoo.co.in', 'gonnawin');
INSERT INTO `login` VALUES('hari.nithinroy536@gmail.com', 'srividhya maha27');
INSERT INTO `login` VALUES('harshjan1993@gmail.com', '421593');
INSERT INTO `login` VALUES('i.am.sh.221b@gmail.com', 'vibespss');
INSERT INTO `login` VALUES('imdeepak83@gmail.com', 'jaipur');
INSERT INTO `login` VALUES('innamaheshwari@gmail.com', 'Inna');
INSERT INTO `login` VALUES('ishansgoyal@yahoo.co.in', 'kushal');
INSERT INTO `login` VALUES('jacksparrow@pirates.com', 'kaykaykk');
INSERT INTO `login` VALUES('jaipurchanchal@gmail.com', 'chanchal_bit');
INSERT INTO `login` VALUES('jmanivasu@gmail.com', 'koipoli');
INSERT INTO `login` VALUES('jparidhi25@gmail.com', 'kalpit25');
INSERT INTO `login` VALUES('junaid2905@gmail.com', 'junaid');
INSERT INTO `login` VALUES('kanwaljitkaurgosal@gmail.com', 'ihavealovestory');
INSERT INTO `login` VALUES('karan123@yahoo.com', 'karan12345');
INSERT INTO `login` VALUES('kartikchaudhary8@gmail.com', 'hi shanky');
INSERT INTO `login` VALUES('kmeemroth@gmail.com', 'angoorimummy');
INSERT INTO `login` VALUES('kriti.walia@yahoo.co.in', 'ahluwalia');
INSERT INTO `login` VALUES('kshitij@techvibes.in', '1029293');
INSERT INTO `login` VALUES('KshitijKhandelwal@techvibesbit.in', '1029293TK');
INSERT INTO `login` VALUES('kshitijmittal@bitjaipur.com', 'kaykaykk');
INSERT INTO `login` VALUES('mahakj17@gmail.com', 'akk9492a');
INSERT INTO `login` VALUES('megha.megha.gupta05@gmail.com', 'megha5gupta');
INSERT INTO `login` VALUES('meghal@gmail.com', 'ican');
INSERT INTO `login` VALUES('mgmalti.gupta100@gmail.com', 'pisces94');
INSERT INTO `login` VALUES('mitesh61293@gmail.com', '919461763249');
INSERT INTO `login` VALUES('mohit.sharma.7393@gmail.com', 'vibespss');
INSERT INTO `login` VALUES('mohit11arya@gmail.com', 'sonuismyname');
INSERT INTO `login` VALUES('mohitonair@gmail.com', 'vibespss');
INSERT INTO `login` VALUES('mohitsharma@gmail.com', '12345');
INSERT INTO `login` VALUES('monesh18som@gmail.com', 'monesh');
INSERT INTO `login` VALUES('Mud@it.com', 'gotxfactor');
INSERT INTO `login` VALUES('mudit@bit.com', 'gotxfactor');
INSERT INTO `login` VALUES('namanmittal003@gmail.com', 'namanmittal');
INSERT INTO `login` VALUES('namanmittal003@hotmail.com', 'namanmittal');
INSERT INTO `login` VALUES('namanmittal003@yahoo.co.in', 'namanmittal');
INSERT INTO `login` VALUES('namratasinha69@gmail.com', 'namrata');
INSERT INTO `login` VALUES('nidhigarg@gmail.com', 'nidhigarg');
INSERT INTO `login` VALUES('nikhilchandra1@rediffmail.com', '24nc12');
INSERT INTO `login` VALUES('nishit@gmail.com', 'indian');
INSERT INTO `login` VALUES('nutanmah@gmail.com', 'divyanil');
INSERT INTO `login` VALUES('panwar.1610@gmail.com', 'techvibes');
INSERT INTO `login` VALUES('parridhisingla@gmail.com', 'pari25');
INSERT INTO `login` VALUES('parthgarg30@gmail.com', 'asalaabhiabhi');
INSERT INTO `login` VALUES('parul4264@gmail.com', 'parul4264');
INSERT INTO `login` VALUES('pcagrawal04@gmail.com', 'chetanfriend');
INSERT INTO `login` VALUES('piyushchauhan2011@gmail.com', 'diehard4');
INSERT INTO `login` VALUES('poorvi_91@yahoo.co.in', 'poorvi');
INSERT INTO `login` VALUES('prachi_v91@yahoo.com', 'dob191991srk');
INSERT INTO `login` VALUES('PRAKASH@GMAIL.COM', 'ITSME');
INSERT INTO `login` VALUES('pratikkhandelwal3@gmail.com', 'guptatapan');
INSERT INTO `login` VALUES('priti.rocks21@gmail.com', 'shikhagoyal');
INSERT INTO `login` VALUES('pulkit140892@yahoo.co.in', '12345');
INSERT INTO `login` VALUES('pulkit1875@gmail.com', 'pulkit5');
INSERT INTO `login` VALUES('rahul.v@live.com', 'kvnamrup');
INSERT INTO `login` VALUES('rajat@gmail.com', 'rajat');
INSERT INTO `login` VALUES('rajprits21@gmail.com', 'shikhagoyal');
INSERT INTO `login` VALUES('rakeshghanta153@gmail.com', '101331169');
INSERT INTO `login` VALUES('ranjabatisarkar18@gmail.com', 'ranja03');
INSERT INTO `login` VALUES('rhlverma2003@gmail.com', 'rhlverma');
INSERT INTO `login` VALUES('rohan123@gmail.com', 'rohan123');
INSERT INTO `login` VALUES('rohansaxena3107@gmail.com', 'lfcjft96');
INSERT INTO `login` VALUES('rohit.maheshwari946@gmail.com', 'guchu');
INSERT INTO `login` VALUES('sakshi191@gmail.com', '9414232386');
INSERT INTO `login` VALUES('sakshichaturvedi60@gmail.com', '009988p');
INSERT INTO `login` VALUES('sakshichaturvedi@gmail.com', '009988');
INSERT INTO `login` VALUES('sakshiseth1109@gmail.com', 'techvibes');
INSERT INTO `login` VALUES('sattenapallisrimanth@gmail.com', 'srimanth');
INSERT INTO `login` VALUES('saumya@gmail.com', 'saumyaplaying');
INSERT INTO `login` VALUES('shagun@gmail.com', '24121990');
INSERT INTO `login` VALUES('shan.guitar@gmail.com', '9874580697');
INSERT INTO `login` VALUES('shivikagamine@gmail.com', 'pramukhswami');
INSERT INTO `login` VALUES('shivikakhandelwal02@gmail.com', 'pramukhswami');
INSERT INTO `login` VALUES('shubham@bit.com', 'ss');
INSERT INTO `login` VALUES('shubhankar881@gmail.com', 'shubhankar');
INSERT INTO `login` VALUES('shwe21agrawal@gmail.com', 'shweta2192');
INSERT INTO `login` VALUES('sid.king.90@gmail.com', 'parashar');
INSERT INTO `login` VALUES('sonalanimationworld5@gmail.com', 'animator');
INSERT INTO `login` VALUES('st@gmail.com', 'saumya');
INSERT INTO `login` VALUES('stg@gmail.com', 'saumya');
INSERT INTO `login` VALUES('supriyasingh0408@gmail.com', 'rockspriti');
INSERT INTO `login` VALUES('sweetyswati92@gmail.com', 'vampirediaries');
INSERT INTO `login` VALUES('taruntiwari52@gmail.com', 'lollamaorofl');
INSERT INTO `login` VALUES('taruntiwari92@gmail.com', 'idiot');
INSERT INTO `login` VALUES('thisismohit93@gmail.com', 'satsahib');
INSERT INTO `login` VALUES('tusharjain028@gmail.com', 'corejava');
INSERT INTO `login` VALUES('utkarshranveer@gmail.com', 'utk25arsh');
INSERT INTO `login` VALUES('veersinghgaur@gmail.com', '8233960169');
INSERT INTO `login` VALUES('verma_mayank@ymail.com', 'ilupriya');
INSERT INTO `login` VALUES('vijaybahadursngh1@gmail.com', '123456789');
INSERT INTO `login` VALUES('vikash472@gmail.com', 'vikash472@gmail.com');
INSERT INTO `login` VALUES('vikramverma60@gmail.com', 'vikverma4242');
INSERT INTO `login` VALUES('VINAYBHATNAGAR@GMAIL.COM', '8233575654');
INSERT INTO `login` VALUES('yagyeshsharma8@gmail.com', 'treasurebit');
INSERT INTO `login` VALUES('yaminigupta123@gmail.com', '@ysk');
INSERT INTO `login` VALUES('yashmahes@gmail.com', '1!Mountain');
INSERT INTO `login` VALUES('yogeshzsharmaz@gmail.com', '8946820092');

-- --------------------------------------------------------

--
-- Table structure for table `notifications`
--

CREATE TABLE `notifications` (
  `id` int(11) NOT NULL auto_increment,
  `date` date NOT NULL,
  `notification` varchar(255) NOT NULL,
  PRIMARY KEY  (`id`)
) ENGINE=InnoDB  DEFAULT CHARSET=utf8 AUTO_INCREMENT=13 ;

--
-- Dumping data for table `notifications`
--

INSERT INTO `notifications` VALUES(6, '2013-03-02', 'Round 2 opens now. Have Fun :)');
INSERT INTO `notifications` VALUES(7, '2013-03-02', 'Please see the rules first before starting to play :)');
INSERT INTO `notifications` VALUES(8, '2013-03-02', 'Multiple entries are not allowed now onwards. Please mark this point!');
INSERT INTO `notifications` VALUES(9, '2013-03-02', 'Please see the answer format in rulesPage..');
INSERT INTO `notifications` VALUES(10, '2013-03-03', 'question 18: hint: The answer is related to century at some particular cricket ground.');
INSERT INTO `notifications` VALUES(11, '2013-03-03', 'Round 2 ends. Site remains open for practice !');
INSERT INTO `notifications` VALUES(12, '2013-03-03', 'question 18 answer: sachin tendulkar,lords cricket ground');

-- --------------------------------------------------------

--
-- Table structure for table `profile`
--

CREATE TABLE `profile` (
  `name` varchar(255) NOT NULL,
  `email` varchar(255) NOT NULL,
  `mobileno` varchar(10) NOT NULL,
  `tagline` varchar(255) NOT NULL,
  `round1` varchar(11) default NULL,
  `scoreachieved` varchar(11) default NULL,
  `college` varchar(255) NOT NULL,
  `pic` varchar(255) default NULL,
  `solvedquestions` varchar(300) default NULL,
  `current` varchar(3) NOT NULL,
  `tym` int(15) default NULL,
  `hint` int(1) default NULL,
  PRIMARY KEY  (`email`)
) ENGINE=InnoDB DEFAULT CHARSET=utf8;

--
-- Dumping data for table `profile`
--

INSERT INTO `profile` VALUES('Priyal Gupta', '24priyal@gmail.com', '9529111094', '007', '0', '1200', 'Birla Institute of Technology', '2.jpg', '0,1,2,3,4,5,6,7,8,9,10,11,12,13,14', '15', 1362246772, 2);
INSERT INTO `profile` VALUES('Aankit Roy', 'aankitroy1990@gmail.com', '7737988705', 'opsphasgaya', '1200', '2700', 'Birla Institute Of Technology', '2.jpg', '0,1,2,3,4,5,6,7,8,9,10,11,12,13,14,15,16,17,18', '19', 1362253132, 1);
INSERT INTO `profile` VALUES('AarushiSharma ', 'aarushis27@gmail.com', '8233443882', 'aarushi', '1125', '1950', 'Birla Institute of Technology,Jaipr', '7.jpg', '0,1,2,3,4,5,6,7,8,9,10,11,12,13,14,15,16,17,18', '19', 1362254447, 1);
INSERT INTO `profile` VALUES('Aarushi', 'aarushis27@yahoo.co.in', '8233443882', 'aarushi', '1300', '0', 'bit', '4.jpg', '0', '1', 1362238200, 1);
INSERT INTO `profile` VALUES('Abhishek jain', 'abhi.vagrecha@gmail.com', '9214883865', 'BitianBiTAheAd', '925', '2650', 'Birla Institute of Technology', '3.jpg', '0,1,2,3,4,5,6,7,8,9,10,11,12,13,14,15,16,17,18', '19', 1362253506, 1);
INSERT INTO `profile` VALUES('abhijeet chaudhary', 'abhijeet.chaudhary1307@gmail.com', '9782464102', 'abhi', '300', '0', 'birla institute of technology', '5.jpg', '0', '1', 1362238200, 1);
INSERT INTO `profile` VALUES('Abhilasha Goyal', 'abhilashagoyal08@gmail.com', '9829160565', 'aaa', '150', '0', 'Birla institute of technology', '6.jpg', '0', '1', 1362238200, 3);
INSERT INTO `profile` VALUES('abhishek arya', 'abhishek12arya@gmail.com', '9166158308', 'ARYA', '1000', '1350', 'BIT jaipur', '9.jpg', '0,1,2,3,4,5,6,7,8,9,10,11,12,13,14,15,16,17', '18', 1362244198, 1);
INSERT INTO `profile` VALUES('Abhishek Mishra', 'abhishekfrmknp@gmail.com', '8764010520', 'TrailBlazer', '0', '0', 'Birla Institute Of Technology', '10.jpg', '0', '1', 1362238200, 1);
INSERT INTO `profile` VALUES('Aditi Jain', 'aditij18@gmail.com', '9680794410', 'awesome', '0', '450', 'BIT', '3.jpg', '0,1,2,3,4,5', '6', 1362242525, 1);
INSERT INTO `profile` VALUES('Aditya Nenawati', 'aditya841@gmail.com', '9468655939', 'eee', '400', '1800', 'Birla Institute of Technology', '10.jpg', '0,1,2,3,4,5,6,7,8,9,10,11,12,13,14,15,16,17,18', '19', 1362248550, 1);
INSERT INTO `profile` VALUES('akanksha grover', 'akanksha.grover25@gmail.com', '7742033499', 'The Best', '0', '1650', 'Birla institute of Technology', '4.jpg', '0,1,2,3,4,5,6,7,8,9,10,11,12', '13', 1362253137, 1);
INSERT INTO `profile` VALUES('Akash Saxena', 'akash.20077@gmail.com', '9929259159', 'Akash', '0', '600', 'BIT', '8.jpg', '0,1,2,3,4,5,6,7,8,9,10,11,12,13,14,15,16,17,18', '19', 1362248404, 1);
INSERT INTO `profile` VALUES('Akash', 'akashh.20077@gmail.com', '9929259159', 'Akashh', '0', '0', 'Birla Institute Of Technology', '6.jpg', '0,1', '2', 1362330546, 1);
INSERT INTO `profile` VALUES('Akash', 'akash_2007777@yahoo.com', '9929259159', 'Akashh', '0', '1200', 'BIT', '8.jpg', '0,1,2,3,4,5,6,7,8,9,10,11,12,13,14,15,16,17,18', '19', 1362333368, 1);
INSERT INTO `profile` VALUES('Akash Saxena', 'akash_200777@yahoo.com', '9929259159', 'Akash', '0', '350', 'Birla Institute Of Technology', '3.jpg', '0,1,2,3,4,5,6,7,8,9,10,11,12,13,14,15,16,17,18', '19', 1362244486, 1);
INSERT INTO `profile` VALUES('Anagh Vijayvargia', 'anaghvj@gmail.com', '9783065646', 'qwerty', '900', '0', 'Maharishi Arvind International Institute of Technology,Kota', '7.jpg', '0', '1', 1362238200, 1);
INSERT INTO `profile` VALUES('ankur kulshrestha', 'ankur.blueblood@gmail.com', '9530186486', 'ankur003', '0', '0', 'global institute of technology, jaipur', '4.jpg', '0', '1', 1362238200, 1);
INSERT INTO `profile` VALUES('Anushree', 'anshi31jagrawal@gmail.com', '9024764576', 'The mystery unveils..here..', '0', '-50', 'BIRLA INSTITUTE OF TECHNOLOGY,JAIPUR', '1.jpg', '0', '1', 1362243478, 2);
INSERT INTO `profile` VALUES('Anushree Jain', 'anushree.jain09@gmail.com', '9928213289', 'xoxox', '0', '2200', 'Maharishi Arvind', '8.jpg', '0,1,2,3,4,5,6,7,8,9,10,11,12,13,14,15,16,17,18', '19', 1362245890, 1);
INSERT INTO `profile` VALUES('Anushree ', 'anushreejangid@gmail.com', '9785891739', '...', '0', '1350', 'Birla institute of technology', '8.jpg', '0,1,2,3,4,5,6,7,8,9', '10', 1362252932, 1);
INSERT INTO `profile` VALUES('ANKIT PAREEK', 'AP.17@YAHOO.COM', '8233201323', 'LOG10', '350', '0', 'BIRLA INSTITUTE OF TECNOLOGY,JAIPUR', '8.jpg', '0', '1', 1362238200, 1);
INSERT INTO `profile` VALUES('Arpit Singh', 'arpit.bitj@gmail.com', '9772523020', 'cheers', '1125', '300', 'birla institute of technology,mesra,jaipur branch', '9.jpg', '0,1,2,3,4,5,6', '7', 1362240695, 1);
INSERT INTO `profile` VALUES('arpit goyal', 'arpitgoyal@bit.com', '9460828282', 'NothingisGreat', '250', '1000', 'Birla Institute of technology', '10.jpg', '0,1,2,3,4,5,6,7,8,9,10,11,12,13,14,15,16,17', '18', 1362246653, 2);
INSERT INTO `profile` VALUES('abhishek arya', 'aryaabhishek277@gmail.com', '9166158300', 'Arya', '925', '1300', 'BIT jaipur', '3.jpg', '0,1,2,3,4,5,6,7,8,9,10,11,12,13,14,15,16,17,18', '19', 1362243431, 1);
INSERT INTO `profile` VALUES('Atul Pathak', 'atul-pathak@hotmail.com', '8233996319', 'Winner', '0', '450', 'BIT-Jaipur', '1.jpg', '0,1,2,3,4', '5', 1362243822, 1);
INSERT INTO `profile` VALUES('Auto Sensor', 'auto_sensors@yahoo.com', '9008001295', 'allowed', '0', '-50', 'VIMS', '6.jpg', '0', '1', 1363754456, 2);
INSERT INTO `profile` VALUES('Ayushi', 'ayushi1591@gmail.com', '9529520420', 'a', '850', '0', 'BIT ', '9.jpg', '0', '1', 1362238200, 1);
INSERT INTO `profile` VALUES('ayushi jain', 'ayushi@treasure.com', '9950690208', 'alltreasureismine', '625', '2700', 'bit', '10.jpg', '0,1,2,3,4,5,6,7,8,9,10,11,12,13,14,15,16,17,18', '19', 1362253295, 1);
INSERT INTO `profile` VALUES('ayushi jain', 'ayushijain@gmail.com', '9549800515', 'hiee', '0', '0', 'Birla Institute of Technology', '9.jpg', '0', '1', 1362221240, 1);
INSERT INTO `profile` VALUES('balram joshi', 'balram.4211@gmail.com', '8947816510', 'balramtheengineer', '-50', '0', 'birla institute of technogy', '2.jpg', '0', '1', 1362238200, 2);
INSERT INTO `profile` VALUES('A.M.Bhavana', 'bhavana.anumagala@gmail.com', '9829640490', 'bhavkedi', '0', '-50', 'BIT', '5.jpg', '0', '1', 1362302753, 2);
INSERT INTO `profile` VALUES('sudhir', 'bhurani.alpha@gmail.com', '9694908686', 'on hunt', '0', '0', 'birla institute of technology', '3.jpg', '0,1,2', '3', 1362251983, 1);
INSERT INTO `profile` VALUES('kanika bindal', 'bindalkanika@hotmail.com', '8302567342', 'BeStupid', '1100', '1950', 'Birla Institute of Technology', '1.jpg', '0,1,2,3,4,5,6,7,8,9,10,11,12,13,14,15,16,17', '18', 1362243950, 1);
INSERT INTO `profile` VALUES('Abhishek Pratap Singh', 'bob.nuyork@gmail.com', '8696888218', 'Newyork', '0', '0', 'Birla Institute Of Technology', '10.jpg', '0', '1', 1362238200, 1);
INSERT INTO `profile` VALUES('anshul vyas', 'cataclysm@dommsday.com', '9950754676', 'staticmoments', '0', '0', 'Birla Institute of Technology', '2.jpg', '0', '1', 1362238200, 1);
INSERT INTO `profile` VALUES('chandel mala', 'chandel.mala@ymail.com', '9782116826', 'chandelmala', '25', '0', 'Birla Institute Of Technology', '8.jpg', '0', '1', 1362238200, 3);
INSERT INTO `profile` VALUES('Mohit Sharma', 'channelmohit@gmail.com', '8963862558', 'yes.this.is.my.fifth.time', '1500', '2700', 'Birla Institute of Technology, Jaipur', '8.jpg', '0,1,2,3,4,5,6,7,8,9,10,11,12,13,14,15,16,17,18', '19', 1362252830, 1);
INSERT INTO `profile` VALUES('saakshi chaturvedi', 'chaturvedisaakshi@gmail.com', '9460557941', '....', '1500', '2700', 'birla institute of technology', '4.jpg', '0,1,2,3,4,5,6,7,8,9,10,11,12,13,14,15,16,17,18', '19', 1362252934, 1);
INSERT INTO `profile` VALUES('AbHisHek VagRecha', 'Creativedevil2010@gmail.com', '9214970126', 'Makeit', '1100', '2700', 'BIT Jaipur', '6.jpg', '0,1,2,3,4,5,6,7,8,9,10,11,12,13,14,15,16,17,18', '19', 1362253064, 1);
INSERT INTO `profile` VALUES('devjyot singh', 'devjyot@hotmail.com', '9571013449', 'gdh', '0', '300', 'Birla institute of technology,jaipur', '7.jpg', '0,1,2,3,4,5,6,7,8,9,10,11,12,13,14,15,16,17', '18', 1362243783, 1);
INSERT INTO `profile` VALUES('Divya Chandaliya', 'divyachandaliya111@gmail.com', '7737963500', 'Divya', '400', '0', 'BIT JAIPUR', '3.jpg', '0', '1', 1362238200, 1);
INSERT INTO `profile` VALUES('VEER SINGH GAUR', 'gaursinghveer007@gmail.com', '8233960169', 'Its not about speed, its about brain.', '0', '250', 'BIRLA INSTITUTE OF TECHNOLOGY, JAIPUR', '1.jpg', '0,1,2,3,4,5,6,7,8,9,10,11,12,13,14,15,16,17,18', '19', 1362333161, 1);
INSERT INTO `profile` VALUES('mudit srivastava', 'gmail@facebook.com', '7742375610', 'outlaw...renegade', '750', '0', 'Birla institute of technology', '5.jpg', '0,1,2', '3', 1362238200, 1);
INSERT INTO `profile` VALUES('siddharth gupta', 'gupta.sid92@gmail.com', '8947992828', 'play...laugh...grow', '0', '0', 'birla institute of technology', '2.jpg', '0', '1', 1362238200, 1);
INSERT INTO `profile` VALUES('siddharth gupta', 'gupta_siddharth1992@yahoo.co.in', '9929706470', 'i m gonna win this game..', '0', '1050', 'birla institute of technology', '2.jpg', '0,1,2,3,4,5,6,7,8,9,10,11,12,13,14,15,16,17,18', '19', 1362244910, 1);
INSERT INTO `profile` VALUES('hari nithin roy', 'hari.nithinroy536@gmail.com', '8386967304', 'A.HNR', '0', '0', 'BIRLA INSTITUTE OF TECHNOLOGY MESRA JAIPUR CAMPUS', '9.jpg', '0', '1', 1362238200, 1);
INSERT INTO `profile` VALUES('Harshit Jain', 'harshjan1993@gmail.com', '8233183315', 'BOOM....', '150', '0', 'BIT JAIPUR', '8.jpg', '0', '1', 1362238200, 2);
INSERT INTO `profile` VALUES('World''s Only Consultant Detective', 'i.am.sh.221b@gmail.com', '8963862558', 'find.me.at.221B.Baker.Street', '1300', '0', 'Birla Institute of Technology, Jaipur', '4.jpg', '0', '1', 1362238200, 1);
INSERT INTO `profile` VALUES('Deepak meena', 'imdeepak83@gmail.com', '7742610710', 'pirate', '250', '0', 'bit', '6.jpg', '0', '1', 1362238200, 3);
INSERT INTO `profile` VALUES('inna', 'innamaheshwari@gmail.com', '7597403871', 'mind', '0', '0', 'birla institute of technology,jaipur', '10.jpg', '0', '1', 1362238200, 1);
INSERT INTO `profile` VALUES('ishan', 'ishansgoyal@yahoo.co.in', '7737252688', 'cheers', '1300', '0', 'bit,jaipur', '2.jpg', '0', '1', 1362238200, 1);
INSERT INTO `profile` VALUES('Kshitij Mittal ', 'jacksparrow@pirates.com', '9461609441', 'JackSparrow', '600', '0', 'Birla Institute Of Technology', '6.jpg', '0', '1', 1362238200, 1);
INSERT INTO `profile` VALUES('mani vasu', 'jmanivasu@gmail.com', '9694783010', 'V4730', '300', '0', 'BIRLA INSTITUTE OF TECHNOLOGY, MESRA, JAIPUR', '7.jpg', '0,1', '2', 1362238200, 1);
INSERT INTO `profile` VALUES('paridhi jain', 'jparidhi25@gmail.com', '9587363623', 'me', '0', '350', 'birla institute of technology', '8.jpg', '0,1,2,3,4,5,6,7,8,9,10,11,12,13,14,15,16,17,18', '19', 1362248667, 1);
INSERT INTO `profile` VALUES('jay', 'junaid2905@gmail.com', '8559859546', 'juzgetoverit', '-75', '0', 'bit jaipur', '8.jpg', '0', '1', 1362238200, 3);
INSERT INTO `profile` VALUES('Kanwaljit kaur Gosal', 'kanwaljitkaurgosal@gmail.com', '9489965086', 'i will win', '0', '0', 'DMS pondicherry', '2.jpg', '0,1', '2', 1363473844, 1);
INSERT INTO `profile` VALUES('karan', 'karan123@yahoo.com', '9999988888', 'ok', '375', '1750', 'Global Institute', '2.jpg', '0,1,2,3,4,5,6,7,8,9,10,11,12,13,14,15,16,17,18', '19', 1362241428, 1);
INSERT INTO `profile` VALUES('Kartik Chaudhary', 'kartikchaudhary8@gmail.com', '9650132532', 'tagline...why', '0', '250', 'Delhi College of Engineerin', '9.jpg', '0,1,2', '3', 1362245267, 1);
INSERT INTO `profile` VALUES('kalpana meemroth', 'kmeemroth@gmail.com', '8852035145', 'azAZ', '0', '0', 'Birla Institute Of Technology', '6.jpg', '0', '1', 1362238200, 1);
INSERT INTO `profile` VALUES('kriti ahluwalia', 'kriti.walia@yahoo.co.in', '9509526839', 'aaa', '1325', '2200', 'Birla institute Of Technology', '4.jpg', '0,1,2,3,4,5,6,7,8,9,10,11,12,13,14,15,16,17', '18', 1362250657, 1);
INSERT INTO `profile` VALUES('Kshitij', 'kshitij@techvibes.in', '8560943305', 'Play', '1500', '2550', 'Birla Institute Of Technology, Jaipur', '9.jpg', '0,1,2,3,4,5,6,7,8,9,10,11,12,13,14,15,16,17,18', '19', 1362245175, 1);
INSERT INTO `profile` VALUES('Kshitij Khandelwal', 'KshitijKhandelwal@techvibesbit.in', '7737775860', 'Lets.Hunt', '1200', '0', 'Birla Institute of Technology', '1.jpg', '0', '1', 1362238200, 1);
INSERT INTO `profile` VALUES('Kshitij Mittal', 'kshitijmittal@bitjaipur.com', '9461609441', 'Jacksparrow', '1200', '0', 'Birla Institute Of Technology, Jaipur ', '2.jpg', '0', '1', 1362238200, 1);
INSERT INTO `profile` VALUES('mahak jain', 'mahakj17@gmail.com', '9461118590', 'akk', '1300', '0', 'bit jaipur', '2.jpg', '0', '1', 1362238200, 1);
INSERT INTO `profile` VALUES('megha', 'megha.megha.gupta05@gmail.com', '9460238632', 'megha', '250', '0', 'birla institute of technology', '9.jpg', '0,1,2,3,4,5,6,7,8,9,10,11,12,13,14,15,16,17,18', '19', 1362238200, 1);
INSERT INTO `profile` VALUES('meghal dani', 'meghal@gmail.com', '7597648452', 'goon', '0', '0', 'Birla Institute Of Technology', '6.jpg', '0', '1', 1362238200, 1);
INSERT INTO `profile` VALUES('Malti Gupta', 'mgmalti.gupta100@gmail.com', '8769416278', 'ThinkBig', '0', '0', 'IIT Delhi', '7.jpg', '0', '1', 1362238200, 1);
INSERT INTO `profile` VALUES('mitesh prasad', 'mitesh61293@gmail.com', '9461763249', '61293', '0', '0', 'Birla Institute Of Technology, Jaipur', '8.jpg', '0', '1', 1362404869, 1);
INSERT INTO `profile` VALUES('Mohit ', 'mohit.sharma.7393@gmail.com', '9460462838', 'i.am.sh', '1200', '0', 'Birla Institute of Technology', '10.jpg', '0', '1', 1362238200, 1);
INSERT INTO `profile` VALUES('ABHISHEK ARYA', 'mohit11arya@gmail.com', '9166158308', 'ARYA', '1100', '2400', 'BIT jaipur', '5.jpg', '0,1,2,3,4,5,6,7,8,9,10,11,12,13,14,15,16,17,18', '19', 1362253314, 1);
INSERT INTO `profile` VALUES('Mohit Sharma', 'mohitonair@gmail.com', '8963862558', 'meet.me.at.221B.Baker.Street', '800', '0', 'Birla Institute of Technology, Jaipur', '3.jpg', '0', '1', 1362238200, 1);
INSERT INTO `profile` VALUES('Mohit sharma', 'mohitsharma@gmail.com', '8824892089', 'oldisgold', '-50', '1300', 'Birla Institute of Technolgy', '10.jpg', '0,1,2,3,4,5,6,7,8,9,10,11,12,13,14,15,16,17,18', '19', 1362243533, 1);
INSERT INTO `profile` VALUES('monesh som', 'monesh18som@gmail.com', '8822446633', 'yahoooooo', '375', '1350', 'bit jaipur', '5.jpg', '0,1,2,3,4,5,6,7,8,9,10,11,12,13,14,15,16,17', '18', 1362247767, 1);
INSERT INTO `profile` VALUES('Mudit', 'Mud@it.com', '7742375610', 'Prodigy...the..wonder...kid', '1200', '0', 'BIT, jaipur', '2.jpg', '0', '1', 1362238200, 1);
INSERT INTO `profile` VALUES('Mudit', 'mudit@bit.com', '7742375610', 'Be....smarter', '1350', '2700', 'BIT, jaipur', '2.jpg', '0,1,2,3,4,5,6,7,8,9,10,11,12,13,14,15,16,17,18', '19', 1362252535, 1);
INSERT INTO `profile` VALUES('Naman Mittal', 'namanmittal003@gmail.com', '8233601710', 'SHIVA', '950', '0', 'BIT', '4.jpg', '0', '1', 1362238200, 1);
INSERT INTO `profile` VALUES('Naman Mittal', 'namanmittal003@hotmail.com', '8233601710', 'SHIVA', '1300', '2700', 'Birla Institute of Technology, Jaipur', '7.jpg', '0,1,2,3,4,5,6,7,8,9,10,11,12,13,14,15,16,17,18', '19', 1362252830, 1);
INSERT INTO `profile` VALUES('namrata sinha', 'namratasinha69@gmail.com', '9785370652', 'nb bnbm nbh', '0', '0', 'BIT Jaipur', '9.jpg', '0,1,2,3,4,5,6,7,8,9,10,11,12,13,14,15,16,17,18', '19', 1362334170, 1);
INSERT INTO `profile` VALUES('nidhi', 'nidhigarg@gmail.com', '9460591965', 'nidhi', '0', '0', 'birla institute of technology', '1.jpg', '0', '1', 1362250612, 1);
INSERT INTO `profile` VALUES('Nikhil Chandra', 'nikhilchandra1@rediffmail.com', '9887527200', 'Think.Big', '1100', '2700', 'Birla Institute Of Technology, Extn Centre Jaipur', '7.jpg', '0,1,2,3,4,5,6,7,8,9,10,11,12,13,14,15,16,17,18', '19', 1362253073, 1);
INSERT INTO `profile` VALUES('nishit jain', 'nishit@gmail.com', '9530297292', 'a', '525', '0', 'BIT', '7.jpg', '0', '1', 1362238200, 1);
INSERT INTO `profile` VALUES('Nutan Bhootra', 'nutanmah@gmail.com', '8824472572', 'bubly1.bhai', '0', '350', 'BIT', '10.jpg', '0,1,2,3,4,5,6,7,8,9,10,11,12,13,14,15,16,17,18', '19', 1362240038, 1);
INSERT INTO `profile` VALUES('kshitij ', 'panwar.1610@gmail.com', '9694416846', 'winner', '700', '150', 'BIT', '4.jpg', '0,1', '2', 1362276974, 1);
INSERT INTO `profile` VALUES('paridhi singla', 'parridhisingla@gmail.com', '9461025131', 'i am the best.', '0', '1200', 'BIT Mesra- Jaipur Campur', '4.jpg', '0,1,2,3,4,5,6,7,8,9', '10', 1362252550, 1);
INSERT INTO `profile` VALUES('parul sharma', 'parul4264@gmail.com', '8290243516', 'parul', '1100', '2200', 'bit', '6.jpg', '0,1,2,3,4,5,6,7,8,9,10,11,12,13,14,15,16,17,18', '19', 1362248135, 1);
INSERT INTO `profile` VALUES('chetan agrawal', 'pcagrawal04@gmail.com', '8769044075', 'obj.java', '1300', '2700', 'Birla Institute Of Technology', '1.jpg', '0,1,2,3,4,5,6,7,8,9,10,11,12,13,14,15,16,17,18', '19', 1362253010, 1);
INSERT INTO `profile` VALUES('Piyush Chauhan', 'piyushchauhan2011@gmail.com', '7597780847', 'awesome', '0', '0', 'Birla Institute of Technology', '5.jpg', '0', '1', 1362804665, 1);
INSERT INTO `profile` VALUES('poorvi', 'poorvi_91@yahoo.co.in', '9950726540', 'yoooo', '0', '600', 'bit', '5.jpg', '0,1,2,3,4,5,6', '7', 1362239421, 1);
INSERT INTO `profile` VALUES('Prachi Dutta', 'prachi_v91@yahoo.com', '8559882664', 'Dazzlers', '0', '850', 'BIT Jaipur', '7.jpg', '0,1,2,3,4,5,6,7', '8', 1362283972, 1);
INSERT INTO `profile` VALUES('PRAKASH KUMAR', 'PRAKASH@GMAIL.COM', '8302892638', 'BIHARI', '800', '0', 'BIT', '8.jpg', '0', '1', 1362238200, 1);
INSERT INTO `profile` VALUES('pratik khandelwal', 'pratikkhandelwal3@gmail.com', '9462800028', 'nothing can be impossible', '0', '-50', 'B.I.T', '8.jpg', '0,1,2,3,4', '5', 1362239235, 2);
INSERT INTO `profile` VALUES('priti raj', 'priti.rocks21@gmail.com', '7737511301', 'priti', '100', '0', 'BIT JAIPUR', '6.jpg', '0', '1', 1362238200, 1);
INSERT INTO `profile` VALUES('pulkit jain', 'pulkit140892@yahoo.co.in', '7737688212', 'everything is allowed', '0', '0', 'birla institute of technology', '8.jpg', '0,1,2,3,4,5,6', '7', 1362253566, 1);
INSERT INTO `profile` VALUES('Pulkit Sharma', 'pulkit1875@gmail.com', '7597158492', 'letitbe', '1300', '2700', 'BIT', '9.jpg', '0,1,2,3,4,5,6,7,8,9,10,11,12,13,14,15,16,17,18', '19', 1362253056, 1);
INSERT INTO `profile` VALUES('Rahul Vishwadhaar', 'rahul.v@live.com', '9413779198', 'thinkdifferent', '0', '950', 'BIT Jaipur', '10.jpg', '0,1,2,3,4,5,6,7,8,9,10,11,12,13,14,15,16,17,18', '19', 1362254129, 1);
INSERT INTO `profile` VALUES('Rajat ', 'rajat@gmail.com', '9858987623', 'Winter.is.Coming', '0', '1150', 'Ansal Institute of Technology', '7.jpg', '0,1,2,3,4,5,6,7,8,9,10,11,12,13,14,15,16,17', '18', 1362248879, 2);
INSERT INTO `profile` VALUES('priti raj', 'rajprits21@gmail.com', '9610825865', 'Priti', '-50', '0', 'BIT JAIPUR', '7.jpg', '0', '1', 1362238200, 2);
INSERT INTO `profile` VALUES('sai rakesh', 'rakeshghanta153@gmail.com', '8233959799', 'Rakesh153', '600', '0', 'BIRLA INSTITUTE OF TECHNOLOGY', '5.jpg', '0,1,2,3', '4', 1362238200, 1);
INSERT INTO `profile` VALUES('Ranjabati', 'ranjabatisarkar18@gmail.com', '8239224728', 'abcd', '0', '0', 'Birla Institute of Technology', '10.jpg', '0,1,2,3,4,5,6,7,8,9,10,11,12,13,14,15,16,17,18', '19', 1362238200, 1);
INSERT INTO `profile` VALUES('raj', 'rhlverma2003@gmail.com', '1234567890', 'qwert', '0', '0', 'Bit,Jaipur', '10.jpg', '0,1,2,3,4,5,6,7,8,9', '10', 1362243466, 1);
INSERT INTO `profile` VALUES('Rohan Jain', 'rohan123@gmail.com', '8963070972', 'i am the game', '0', '-50', 'Jaipur Engineering collage and Research center ', '10.jpg', '0,1,2,3,4,5,6,7', '8', 1363022189, 2);
INSERT INTO `profile` VALUES('Rohan Krishna Saxena', 'rohansaxena3107@gmail.com', '8058706096', 'YNWA', '850', '1500', 'Birla Institute Of Technology, Jaipur', '5.jpg', '0,1,2,3,4,5,6,7,8,9,10,11,12,13,14,15,16,17,18', '19', 1362253112, 1);
INSERT INTO `profile` VALUES('rohit', 'rohit.maheshwari946@gmail.com', '7687304962', 'study', '-50', '0', 'pacific college', '10.jpg', '0', '1', 1362238200, 2);
INSERT INTO `profile` VALUES('sakshi bhargava', 'sakshi191@gmail.com', '9462650686', 'ROCK', '0', '0', 'BIT', '10.jpg', '0', '1', 1362313075, 1);
INSERT INTO `profile` VALUES('sakshi chaturvedi', 'sakshichaturvedi60@gmail.com', '9460557941', '...', '1425', '0', 'birla institute of technlogy', '7.jpg', '0', '1', 1362238200, 1);
INSERT INTO `profile` VALUES('sakshi', 'sakshichaturvedi@gmail.com', '0987654322', '....', '1200', '0', 'birla institute of technology', '4.jpg', '0', '1', 1362238200, 1);
INSERT INTO `profile` VALUES('Sakshi Seth', 'sakshiseth1109@gmail.com', '8947816494', 'here to win ', '0', '0', 'BIT, Jaipur', '3.jpg', '0,1', '2', 1362243559, 1);
INSERT INTO `profile` VALUES('Srimanth', 'sattenapallisrimanth@gmail.com', '8952012668', 'Ranjha Ranjha', '0', '100', 'Birla Institute of Technology, Jaipur', '7.jpg', '0,1,2,3,4,5,6', '7', 1362252364, 2);
INSERT INTO `profile` VALUES('Saumya Sharma', 'saumya@gmail.com', '9799920880', 'saumya', '1300', '0', 'BIT', '1.jpg', '0', '1', 1362238200, 1);
INSERT INTO `profile` VALUES('shagun garg', 'shagun@gmail.com', '9461685719', 'oth', '775', '1900', 'birla institute of technology', '2.jpg', '0,1,2,3,4,5,6,7,8,9,10,11,12,13,14,15,16,17', '18', 1362243867, 2);
INSERT INTO `profile` VALUES('shantanu chakraborty', 'shan.guitar@gmail.com', '0829049103', 'njoylife', '-50', '0', 'BIT MESRA,Extn Jaipur', '9.jpg', '0', '1', 1362238200, 2);
INSERT INTO `profile` VALUES('Shivika Khandelwal', 'shivikagamine@gmail.com', '8107088800', 'msgbakjegfgbsak', '950', '0', 'Birla Institute Of Technology, Jaipur', '6.jpg', '0', '1', 1362238200, 1);
INSERT INTO `profile` VALUES('Shivika', 'shivikakhandelwal02@gmail.com', '8107088800', 'agwrgawraqrwehgqarew', '1400', '2700', 'Birla Institute Of Technology, Jaipur', '7.jpg', '0,1,2,3,4,5,6,7,8,9,10,11,12,13,14,15,16,17,18', '19', 1362252835, 1);
INSERT INTO `profile` VALUES('Shubham', 'shubham@bit.com', '8058655248', 'HAHA', '0', '-50', 'BIT', '2.jpg', '0,1,2', '3', 1362242110, 2);
INSERT INTO `profile` VALUES('shubhankar', 'shubhankar881@gmail.com', '7737278969', 'the world is yours', '0', '0', 'BIT', '7.jpg', '0,1', '2', 1362241689, 1);
INSERT INTO `profile` VALUES('Shweta Agrawal', 'shwe21agrawal@gmail.com', '9782804996', 'shweta', '1300', '0', 'Birla Institute of technology', '4.jpg', '0', '1', 1362238200, 1);
INSERT INTO `profile` VALUES('Siddharth Parashar', 'sid.king.90@gmail.com', '9876108621', 'awesome', '1250', '2250', 'NIT Jalandhar', '3.jpg', '0,1,2,3,4,5,6,7,8,9,10,11,12,13,14,15,16,17,18', '19', 1362247893, 1);
INSERT INTO `profile` VALUES('sonal singh', 'sonalanimationworld5@gmail.com', '9462154282', 'sonal', '25', '-50', 'birla institute of technology', '6.jpg', '0,1,2,3,4,5,6,7,8,9,10,11,12,13,14,15,16,17', '18', 1362238200, 2);
INSERT INTO `profile` VALUES('saumya tiwari', 'st@gmail.com', '8561941102', 't', '0', '0', 'birla institute of technology', '4.jpg', '0,1', '2', 1362240693, 1);
INSERT INTO `profile` VALUES('saumya tiwari', 'stg@gmail.com', '8561941102', 't', '350', '0', 'birla institute of technology', '8.jpg', '0', '1', 1362238200, 1);
INSERT INTO `profile` VALUES('priti raj', 'supriyasingh0408@gmail.com', '9610825865', 'Priti', '100', '0', 'BIT JAIPUR', '8.jpg', '0,1', '2', 1362238200, 1);
INSERT INTO `profile` VALUES('swati gupta', 'sweetyswati92@gmail.com', '8769416278', 'divine', '250', '0', 'Birla Institute of Technology Jaipur', '2.jpg', '0', '1', 1362238200, 1);
INSERT INTO `profile` VALUES('tarun tiwari', 'taruntiwari52@gmail.com', '9929378989', 'tintingtiding', '0', '700', 'bit', '2.jpg', '0,1,2,3,4,5,6,7,8,9,10,11,12,13,14,15,16,17', '18', 1362246000, 2);
INSERT INTO `profile` VALUES('Tarun', 'taruntiwari92@gmail.com', '9314219444', 'i.am.idiot', '0', '900', 'Commerce College', '6.jpg', '0,1,2,3,4,5,6,7,8,9,10,11,12,13,14,15,16,17,18', '19', 1362246015, 1);
INSERT INTO `profile` VALUES('Mohit Sharma', 'thisismohit93@gmail.com', '8963862558', 'prem.naam.hai.mera.prem.chopra', '1400', '0', 'Birla Institute of Technology, Jaipur', '5.jpg', '0,1', '2', 1362238200, 1);
INSERT INTO `profile` VALUES('Tushar Jain', 'tusharjain028@gmail.com', '8764147348', 'tj', '0', '-50', 'poornima college of engineering', '1.jpg', '0', '1', 1362329592, 2);
INSERT INTO `profile` VALUES('VEER SINGH GAUR', 'veersinghgaur@gmail.com', '8233960169', 'Its not about speed, its about brain.', '0', '0', 'BIRLA INSTITUTE OF TECHNOLOGY, JAIPUR', '10.jpg', '0', '1', 1362329020, 1);
INSERT INTO `profile` VALUES('mayank verma', 'verma_mayank@ymail.com', '8384968180', 'aaaa', '0', '-50', 'Birla Institute of Technology Mesra, Ranchi !  Jaipur Campus 27, Malviya Industrial Area,Jaipur,Pin-302017', '7.jpg', '0', '1', 1362338795, 2);
INSERT INTO `profile` VALUES('Vijay Bahadur Singh', 'vijaybahadursngh1@gmail.com', '9672034982', '9672034982', '0', '-50', 'BIT Jaipur', '9.jpg', '0,1', '2', 1362239012, 2);
INSERT INTO `profile` VALUES('vikash bajiya', 'vikash472@gmail.com', '9261472472', 'invert expert', '0', '0', 'poornima college of engineering', '8.jpg', '0', '1', 1362318129, 1);
INSERT INTO `profile` VALUES('vikram kumar', 'vikramverma60@gmail.com', '8290243546', 'vik', '1100', '0', 'bit jaipur', '4.jpg', '0', '1', 1362238200, 1);
INSERT INTO `profile` VALUES('VINAY BHATNAGAR', 'VINAYBHATNAGAR@GMAIL.COM', '8233575654', 'BRAIN GAME .......', '0', '100', 'BIT', '2.jpg', '0,1,2,3,4,5,6,7,8,9', '10', 1362374025, 2);
INSERT INTO `profile` VALUES('Yagyesh Sharma', 'yagyeshsharma8@gmail.com', '8058415051', 'Zombie', '0', '200', 'Birla Institute Of Technology', '7.jpg', '0,1,2,3,4,5,6,7', '8', 1362299463, 2);
INSERT INTO `profile` VALUES('yamini gupta', 'yaminigupta123@gmail.com', '8764320002', '123', '250', '0', 'BIt jaipur', '1.jpg', '0', '1', 1362238200, 3);
INSERT INTO `profile` VALUES('yash maheshwari', 'yashmahes@gmail.com', '9694140155', 'yashhhhhhhhh', '100', '0', 'birla institute of technology', '4.jpg', '0', '1', 1362238200, 1);
INSERT INTO `profile` VALUES('yogesh ', 'yogeshzsharmaz@gmail.com', '8946820092', 'donot mess with me......', '0', '0', 'Bit,jaipur', '8.jpg', '0,1', '2', 1362251341, 1);

-- --------------------------------------------------------

--
-- Table structure for table `questions`
--

CREATE TABLE `questions` (
  `id` int(11) NOT NULL,
  `questionpath` varchar(255) character set latin1 NOT NULL,
  `answer` varchar(255) NOT NULL,
  `hint1` varchar(255) NOT NULL,
  `hint2` varchar(255) NOT NULL,
  PRIMARY KEY  (`id`)
) ENGINE=InnoDB DEFAULT CHARSET=utf8;

--
-- Dumping data for table `questions`
--

INSERT INTO `questions` VALUES(1, 'questionsimages/1.jpg', 'Steve Bucknor', 'He/She is not a player.', 'Steve Bucknor');
INSERT INTO `questions` VALUES(2, 'questionsimages/4.jpg', 'career golden slam', 'These are tennis players.', 'career golden slam');
INSERT INTO `questions` VALUES(3, 'questionsimages/9.jpg', 'Kundan Shah', 'Its a bollywood flick released in 80''s.', 'Kundan Shah');
INSERT INTO `questions` VALUES(4, 'questionsimages/11.jpg', 'reebok', 'One is ex-MD ,another is COO.', 'reebok');
INSERT INTO `questions` VALUES(5, 'questionsimages/12.jpg', 'once upon a time', 'The character is snow white.', 'once upon a time');
INSERT INTO `questions` VALUES(6, 'questionsimages/14.jpg', 'Merlion Statue,Sentosa Island Singapore', 'The symbol was designed by the member of souvenir committee.', 'Merlion Statue,Sentosa Island Singapore');
INSERT INTO `questions` VALUES(7, 'questionsimages/18.jpg', 'Iskcon temple delhi', 'Situated in India', 'Iskcon temple delhi');
INSERT INTO `questions` VALUES(8, 'questionsimages/19.jpg', 'pasodoble', 'Spanish dance form.', 'pasodoble');
INSERT INTO `questions` VALUES(9, 'questionsimages/20.jpg', 'Ban ki moon,united nations', 'This is an international organization.', 'Ban ki moon,united nations');
INSERT INTO `questions` VALUES(10, 'questionsimages/22.jpg', 'romance', 'Its a seven letter word.', 'romance');
INSERT INTO `questions` VALUES(11, 'questionsimages/24.jpg', '40', 'Answer is not 30.', '40');
INSERT INTO `questions` VALUES(12, 'questionsimages/26.jpg', 'transistor', 'Is present in our college.', 'transistor');
INSERT INTO `questions` VALUES(13, 'questionsimages/27.jpg', 'Daniel Day Lewis', 'This is an oscar award.', 'Daniel Day Lewis');
INSERT INTO `questions` VALUES(14, 'questionsimages/29.jpg', '7', 'This movie was released in 90''s.', '7');
INSERT INTO `questions` VALUES(15, 'questionsimages/30.jpg', 'the sessions', 'Golden globe award.', 'the sessions');
INSERT INTO `questions` VALUES(16, 'questionsimages/32.jpg', 'techvibes', 'Use this number. answer Answer lies in this number.', 'techvibes');
INSERT INTO `questions` VALUES(17, 'questionsimages/33.jpg', 'Spirit and opportunity', 'This planet is mars.', 'Spirit and opportunity');
INSERT INTO `questions` VALUES(18, 'questionsimages/3.jpg', 'sachin tendulkar,lords cricket ground', 'Related to test series.', 'sachin tendulkar,lords cricket ground');
